Léa Gagnon,1199 Rue des Érables,710-373-6215,lea.gagnon@business.com,Gatineau,Québec,Canada
Maxime Dubois,104 Rue Principale,951-711-7883,maxime.dubois@business.com,La Malbaie,Québec,Canada
Sophie Bergeron,255 Rue Saint-Paul,740-872-6164,sophie.bergeron@business.com,Longueuil,Québec,Canada
Simon Lefebvre,75 Rue Sainte-Catherine,544-612-4830,simon.lefebvre@business.com,Montréal,Québec,Canada
Julie Tremblay,100 Rue de la Montagne,424-361-6821,julie.tremblay@business.com,Québec,Québec,Canada
Antoine Martin,1234 Rue du Parc,873-910-6004,antoine.martin@business.com,Repentigny,Québec,Canada
Émilie Dubé,555 Rue Sainte-Catherine,531-608-3542,emilie.dube@business.com,Rimouski,Québec,Canada
Lucie Bouchard,9876 Boulevard des Sources,534-207-4356,lucie.bouchard@business.com,Pointe-Claire,Québec,Canada
Vincent Roy,4321 Rue Saint-Hubert,249-240-5225,vincent.roy@business.com,Saint-Jérôme,Québec,Canada
Marie-Claude Lévesque,222 Rue Notre-Dame,487-367-5669,marie-claude.levesque@business.com,Trois-Rivières,Québec,Canada
Laurence Girard,78 Avenue des Pins,931-564-8059,laurence.girard@business.com,Sherbrooke,Québec,Canada
Nicolas Lavoie,999 Rue Saint-Antoine,578-954-8846,nicolas.lavoie@business.com,Baie-Comeau,Québec,Canada
Mélanie Fortin,123 Avenue Laurier,691-992-4174,melanie.fortin@business.com,Blainville,Québec,Canada
Olivier Bélanger,456 Rue Saint-Denis,426-643-3814,olivier.belanger@business.com,Gatineau,Québec,Canada
Gabrielle Gauthier,789 Boulevard René-Lévesque,727-328-1103,gabrielle.gauthier@business.com,Montréal,Québec,Canada
Félix Martin,345 Rue Sainte-Catherine,374-255-4984,felix.martin@business.com,Québec,Québec,Canada
Noémie Lachance,567 Rue du Pont,599-619-2130,noemie.lachance@business.com,Terrebonne,Québec,Canada
Samuel Dubois,234 Rue Saint-Laurent,847-812-4788,samuel.dubois@business.com,Gatineau,Québec,Canada
Audrey Lavoie,987 Boulevard du Séminaire,848-318-0369,audrey.lavoie@business.com,Saint-Jérôme,Québec,Canada
Charles Belanger,5678 Rue Saint-Hubert,984-768-9087,charles.belanger@business.com,Montréal,Québec,Canada
Marie-Pierre Lachance,123 Rue Principale,316-353-6507,marie-pierre.lachance@business.com,Sainte-Anne-de-Beaupré,Québec,Canada
Philippe Thibault,8765 Avenue des Érables,942-927-1488,philippe.thibault@business.com,Montréal,Québec,Canada
Stéphanie Poirier,45 Rue Sainte-Catherine,542-332-1234,stephanie.poirier@business.com,Laval,Québec,Canada
Nicole Tremblay,101 Rue Saint-Jacques,349-918-2358,nicole.tremblay@business.com,Québec,Québec,Canada
Pierre-Luc Bergeron,2222 Rue Sainte-Catherine,490-736-8413,pierre-luc.bergeron@business.com,Laval,Québec,Canada
Julien Caron,3333 Boulevard René-Lévesque,637-231-1406,julien.caron@business.com,Québec,Québec,Canada
Isabelle Leblanc,4321 Rue Saint-Denis,913-513-4760,isabelle.leblanc@business.com,Montréal,Québec,Canada
Antoine Girard,1234 Avenue Laurier,480-774-7111,antoine.girard@business.com,Gatineau,Québec,Canada
Laurie Fortier,5678 Rue Sainte-Catherine,977-641-5178,laurie.fortier@business.com,Brossard,Québec,Canada
Jérémy Beauchemin,888 Rue Saint-Antoine,683-369-4426,jeremy.beauchemin@business.com,Montréal,Québec,Canada
Karine Deschênes,321 Rue Principale,763-958-3626,karine.deschenes@business.com,Saint-Jérôme,Québec,Canada
Raphaelle Lavoie,555 Boulevard des Sources,360-858-9078,raphaelle.lavoie@business.com,Pointe-Claire,Québec,Canada
Lucie Gagné,123 Rue Sainte-Catherine,688-774-9750,lucie.gagne@business.com,Laval,Québec,Canada
François Lemieux,456 Rue Saint-Hubert,415-942-9385,francois.lemieux@business.com,Québec,Québec,Canada
Mélanie Boucher,789 Boulevard du Séminaire,952-878-7505,melanie.boucher@business.com,Saint-Jérôme,Québec,Canada
Maxime Roy,1111 Avenue des Pins,658-723-3943,maxime.roy@business.com,Montréal,Québec,Canada
Nathalie Lefebvre,2222 Rue Sherbrooke,925-999-1168,nathalie.lefebvre@business.com,Montréal,Québec,Canada
David Martin,3333 Boulevard des Forges,233-855-4730,david.martin@business.com,Trois-Rivières,Québec,Canada
Julie Gagnon,4444 Rue Saint-Denis,556-954-2336,julie.gagnon@business.com,Montréal,Québec,Canada
Mathieu Mercier,5555 Rue Saint-Laurent,930-840-2976,mathieu.mercier@business.com,Montréal,Québec,Canada
Geneviève Bélanger,6666 Avenue Papineau,731-212-4233,genevieve.belanger@business.com,Montréal,Québec,Canada
Claude Lacombe,7777 Rue Sherbrooke,953-889-4926,claude.lacombe@business.com,Sherbrooke,Québec,Canada
Caroline Tremblay,8888 Avenue Laurier,924-728-1947,caroline.tremblay@business.com,Québec,Québec,Canada
Daniel Lévesque,9999 Rue de la Montagne,313-365-4745,daniel.levesque@business.com,Montréal,Québec,Canada
Sylvie Dumas,1212 Rue Saint-Hubert,555-888-9471,sylvie.dumas@business.com,Longueuil,Québec,Canada
Simon Bouchard,1313 Boulevard des Forges,902-316-1703,simon.bouchard@business.com,Trois-Rivières,Québec,Canada
Karine Bédard,1414 Rue Saint-Denis,980-672-8565,karine.bedard@business.com,Montréal,Québec,Canada
Olivier Carrière,1515 Rue Sainte-Catherine,268-352-7153,olivier.carriere@business.com,Montréal,Québec,Canada
Sophie Aubert,1616 Rue Saint-Laurent,437-824-2811,sophie.aubert@business.com,Montréal,Québec,Canada
Patrick Fortin,1717 Avenue des Pins,818-644-4846,patrick.fortin@business.com,Québec,Québec,Canada
Isabelle Dufour,1818 Rue Sherbrooke,798-357-0471,isabelle.dufour@business.com,Montréal,Québec,Canada
Éric Richard,1919 Boulevard René-Lévesque,932-409-7297,eric.richard@business.com,Québec,Québec,Canada
Marie-Pierre Bélanger,2020 Rue Sainte-Catherine,451-427-1121,mariepierre.belanger@business.com,Montréal,Québec,Canada
Guillaume Fournier,2121 Rue Saint-Denis,950-252-8313,guillaume.fournier@business.com,Montréal,Québec,Canada
Audrey Gagnon,2222 Rue Saint-Laurent,493-817-8134,audrey.gagnon@business.com,Montréal,Québec,Canada
Pierre-Luc Gagné,2323 Rue Sherbrooke,825-586-9184,pierreluc.gagne@business.com,Sherbrooke,Québec,Canada
Stéphanie Lavoie,2424 Avenue des Pins,409-757-0115,stephanie.lavoie@business.com,Montréal,Québec,Canada
Jonathan Pelletier,2525 Rue Saint-Denis,257-663-8579,jonathan.pelletier@business.com,Montréal,Québec,Canada
Véronique Côté,2626 Rue Saint-Laurent,367-737-2485,veronique.cote@business.com,Montréal,Québec,Canada
David Morin,2727 Rue Sherbrooke,743-912-3291,david.morin@business.com,Sherbrooke,Québec,Canada
Josée Gauthier,2828 Rue Saint-Denis,372-794-6506,josee.gauthier@business.com,Montréal,Québec,Canada
Martin Lévesque,2929 Avenue des Pins,596-674-1485,martin.levesque@business.com,Québec,Québec,Canada
Valérie Tremblay,3030 Rue Sainte-Catherine,716-966-0572,valerie.tremblay@business.com,Montréal,Québec,Canada
Michaël Dubois,3131 Rue Sherbrooke,577-435-2353,michael.dubois@business.com,Sherbrooke,Québec,Canada
Annie Lachance,3232 Rue Saint-Denis,714-302-4836,annie.lachance@business.com,Montréal,Québec,Canada
Pascal Dubé,3333 Rue Saint-Laurent,712-328-9683,pascal.dube@business.com,Montréal,Québec,Canada
Chantal Tremblay,3434 Rue Sherbrooke,323-461-7525,chantal.tremblay@business.com,Sherbrooke,Québec,Canada
Francis Girard,3535 Avenue des Pins,387-212-8085,francis.girard@business.com,Québec,Québec,Canada
Amélie Bergeron,3636 Rue Sainte-Catherine,805-909-1225,amelie.bergeron@business.com,Montréal,Québec,Canada
Luc Bouchard,3737 Rue Sherbrooke,863-695-1840,luc.bouchard@business.com,Sherbrooke,Québec,Canada
Marie-Ève Beaulieu,3838 Rue Saint-Denis,982-752-6931,marieeve.beaulieu@business.com,Montréal,Québec,Canada
Alexandre Dubois,3939 Rue Saint-Laurent,404-763-4492,alexandre.dubois@business.com,Montréal,Québec,Canada
Nathalie Caron,4040 Rue Sherbrooke,593-485-5100,nathalie.caron@business.com,Sherbrooke,Québec,Canada
Julien Deschamps,4141 Rue Saint-Denis,541-773-6985,julien.deschamps@business.com,Montréal,Québec,Canada
Stéphanie Martin,4242 Rue Saint-Laurent,920-820-0732,stephanie.martin@business.com,Montréal,Québec,Canada
Marc-Olivier Vachon,4343 Avenue des Pins,293-270-8219,marcolivier.vachon@business.com,Québec,Québec,Canada
Catherine Légaré,4444 Rue Sainte-Catherine,739-720-8939,catherine.legare@business.com,Montréal,Québec,Canada
Maxime Gagné,4545 Rue Sherbrooke,959-969-3740,maxime.gagne@business.com,Sherbrooke,Québec,Canada
Geneviève Roy,4646 Rue Saint-Denis,452-376-0108,genevieve.roy@business.com,Montréal,Québec,Canada
Francis Boucher,4747 Rue Saint-Laurent,220-846-1316,francis.boucher@business.com,Montréal,Québec,Canada
Sophie Thibault,4848 Rue Sherbrooke,448-876-3279,sophie.thibault@business.com,Sherbrooke,Québec,Canada
Patrick Fournier,4949 Rue Saint-Denis,830-747-0603,patrick.fournier@business.com,Montréal,Québec,Canada
Véronique Robitaille,5050 Rue Saint-Laurent,563-876-5682,veronique.robitaille@business.com,Montréal,Québec,Canada
Philippe Gagnon,5151 Rue Sherbrooke,483-925-2071,philippe.gagnon@business.com,Sherbrooke,Québec,Canada
Dominique Dubé,5252 Rue Saint-Denis,964-757-3792,dominique.dube@business.com,Montréal,Québec,Canada
Olivier Lemay,5353 Rue Saint-Laurent,946-908-9679,olivier.lemay@business.com,Montréal,Québec,Canada
Alexandra Girard,5454 Rue Sherbrooke,518-537-7627,alexandra.girard@business.com,Sherbrooke,Québec,Canada
Antoine Dupuis,5555 Rue Saint-Denis,417-239-6043,antoine.dupuis@business.com,Montréal,Québec,Canada
Caroline Morin,5656 Rue Saint-Laurent,429-384-9479,caroline.morin@business.com,Montréal,Québec,Canada
Louis-Philippe Gauthier,5757 Rue Sherbrooke,430-790-0509,louisphilippe.gauthier@business.com,Sherbrooke,Québec,Canada
Camille Bergeron,5858 Rue Saint-Denis,285-544-0139,camille.bergeron@business.com,Montréal,Québec,Canada
Guillaume Beaudoin,5959 Rue Saint-Laurent,999-485-4567,guillaume.beaudoin@business.com,Montréal,Québec,Canada
Julie Tremblay,6060 Rue Sherbrooke,905-319-8673,julie.tremblay@business.com,Sherbrooke,Québec,Canada
Charles Gagné,6161 Rue Saint-Denis,973-805-6702,charles.gagne@business.com,Montréal,Québec,Canada
Valérie Lavoie,6262 Rue Saint-Laurent,652-968-7857,valerie.lavoie@business.com,Montréal,Québec,Canada
David Bélanger,6363 Rue Sherbrooke,944-875-0209,david.belanger@business.com,Sherbrooke,Québec,Canada
Mélanie Gauthier,6464 Rue Saint-Denis,831-371-4889,melanie.gauthier@business.com,Montréal,Québec,Canada
Gabriel Pelletier,6565 Rue Saint-Laurent,596-528-9280,gabriel.pelletier@business.com,Montréal,Québec,Canada