Lucie Tremblay,115 Rue Saint-Jacques,450-555-0192,lucie.tremblay@business.com,Québec,Québec,Canada
Maxime Lavoie,32 Rue des Bouleaux,418-555-0248,maxime.lavoie@business.com,Rimouski,Québec,Canada
Gabrielle Roy,77 Rue des Chênes,514-555-0705,gabrielle.roy@business.com,Montréal,Québec,Canada
Mathis Bouchard,89 Rue Sainte-Catherine,819-555-0512,mathis.bouchard@business.com,Sherbrooke,Québec,Canada
Émilie Gagnon,62 Rue Principale,819-555-0863,emilie.gagnon@business.com,Magog,Québec,Canada
Nathan Lévesque,43 Rue de la Gare,450-555-0901,nathan.levesque@business.com,Saint-Jérôme,Québec,Canada
Mia Dubois,22 Rue des Érables,514-555-0436,mia.dubois@business.com,Laval,Québec,Canada
Samuel Gauthier,4 Rue des Lilas,450-555-0624,samuel.gauthier@business.com,Saint-Hyacinthe,Québec,Canada
Laurence Bergeron,101 Rue des Fleurs,450-555-0675,laurence.bergeron@business.com,Granby,Québec,Canada
Thomas Fortin,5 Rue du Parc,418-555-0310,thomas.fortin@business.com,Québec,Québec,Canada
Jade Roy-Lavoie,36 Rue des Pins,819-555-0757,jade.roy-lavoie@business.com,Victoriaville,Québec,Canada
Xavier Girard,22 Rue Saint-Joseph,450-555-0903,xavier.girard@business.com,Sorel-Tracy,Québec,Canada
Aurélie Blais,19 Rue de lÉglise,418-555-0458,aurelie.blais@business.com,Baie-Comeau,Québec,Canada
Jérémy Gagné,51 Rue des Pins,418-555-0689,jeremy.gagne@business.com,Chicoutimi,Québec,Canada
Laurie Bélanger,82 Rue des Cèdres,450-555-0501,laurie.belanger@business.com,Saint-Jean-sur-Richelieu,Québec,Canada
David Ouellet,2 Rue des Pommiers,514-555-0678,david.ouellet@business.com,Longueuil,Québec,Canada
Catherine Rousseau,66 Rue du Moulin,450-555-0485,catherine.rousseau@business.com,Saint-Jérôme,Québec,Canada
Sophie Bouchard,133 Rue Saint-Paul,450-555-0175,sophie.bouchard@business.com,Québec,Québec,Canada
Alexandre Gagnon,76 Rue des Érables,418-555-0231,alexandre.gagnon@business.com,Lévis,Québec,Canada
Camille Dubois,56 Rue Principale,514-555-0692,camille.dubois@business.com,Montréal,Québec,Canada
Antoine Fortin,112 Rue Saint-Jacques,819-555-0506,antoine.fortin@business.com,Trois-Rivières,Québec,Canada
Éloïse Lavoie,21 Rue des Lilas,819-555-0804,eloise.lavoie@business.com,Magog,Québec,Canada
Gabriel Bergeron,98 Rue des Chênes,450-555-0167,gabriel.bergeron@business.com,Saint-Hyacinthe,Québec,Canada
Jade Roy,27 Rue Sainte-Catherine,514-555-0402,jade.roy@business.com,Laval,Québec,Canada
Thomas Gauthier,9 Rue des Bouleaux,450-555-0696,thomas.gauthier@business.com,Granby,Québec,Canada
Clara Tremblay,47 Rue de la Gare,450-555-0799,clara.tremblay@business.com,Saint-Jérôme,Québec,Canada
Nathan Girard,15 Rue du Parc,418-555-0258,nathan.girard@business.com,Québec,Québec,Canada
Laurence Ouellet,73 Rue des Pins,819-555-0651,laurence.ouellet@business.com,Victoriaville,Québec,Canada
Raphaël Blais,31 Rue Saint-Joseph,450-555-0206,raphael.blais@business.com,Sorel-Tracy,Québec,Canada
Mia Roy-Lavoie,12 Rue de lÉglise,418-555-0845,mia.roy-lavoie@business.com,Baie-Comeau,Québec,Canada
Xavier Gagné,55 Rue des Pins,418-555-0673,xavier.gagne@business.com,Chicoutimi,Québec,Canada
Laurie Bélanger,80 Rue des Cèdres,450-555-0419,laurie.belanger@business.com,Saint-Jean-sur-Richelieu,Québec,Canada
David Bergeron,3 Rue des Pommiers,514-555-0826,david.bergeron@business.com,Longueuil,Québec,Canada
Jérôme Girard,44 Rue de la Gare,450-555-0271,jerome.girard@business.com,Laval,Québec,Canada
Sarah Boucher,87 Rue des Lilas,819-555-0883,sarah.boucher@business.com,Sherbrooke,Québec,Canada
Mathis Caron,2 Rue des Érables,418-555-0228,mathis.caron@business.com,Québec,Québec,Canada
Léa Dufour,37 Rue des Chênes,450-555-0355,lea.dufour@business.com,Granby,Québec,Canada
Lucas Dubois,69 Rue des Pins,819-555-0707,lucas.dubois@business.com,Trois-Rivières,Québec,Canada
Clara Deschamps,11 Rue Principale,514-555-0181,clara.deschamps@business.com,Montréal,Québec,Canada
Théo Beaulieu,24 Rue Saint-Jacques,450-555-0410,theo.beaulieu@business.com,Saint-Hyacinthe,Québec,Canada
Océane Dubé,18 Rue Saint-Paul,418-555-0701,oceane.dube@business.com,Lévis,Québec,Canada
Noah Fontaine,98 Rue des Bouleaux,450-555-0909,noah.fontaine@business.com,Sorel-Tracy,Québec,Canada
Emma Aubert,67 Rue des Cèdres,514-555-0684,emma.aubert@business.com,Longueuil,Québec,Canada
Adam Fortin,16 Rue des Pommiers,819-555-0103,adam.fortin@business.com,Victoriaville,Québec,Canada
Julie Martin,53 Rue de la Gare,450-555-0893,julie.martin@business.com,Saint-Jérôme,Québec,Canada
William Dubé,77 Rue Saint-Joseph,418-555-0818,william.dube@business.com,Chicoutimi,Québec,Canada
Inès Beauchamp,29 Rue des Érables,819-555-0789,ines.beauchamp@business.com,Magog,Québec,Canada
Hugo Grenier,8 Rue Principale,450-555-0157,hugo.grenier@business.com,Saint-Jean-sur-Richelieu,Québec,Canada
Chloé Gagnon,42 Rue des Pins,418-555-0239,chloe.gagnon@business.com,Baie-Comeau,Québec,Canada
Alexis Rochon,56 Rue des Lilas,450-555-0135,alexis.rochon@business.com,Drummondville,Québec,Canada
Lola Gauthier,21 Rue des Bouleaux,514-555-0125,lola.gauthier@business.com,Sainte-Julie,Québec,Canada
Thomas Tremblay,33 Rue Saint-Paul,819-555-0942,thomas.tremblay@business.com,Trois-Pistoles,Québec,Canada
Camille Beaudoin,74 Rue des Cèdres,450-555-0114,camille.beaudoin@business.com,Saint-Georges,Québec,Canada
Nathan Pelletier,23 Rue des Chênes,418-555-0657,nathan.pelletier@business.com,Rimouski,Québec,Canada
Jade Dubois,49 Rue des Pommiers,819-555-0377,jade.dubois@business.com,Val-dOr,Québec,Canada
Louis Lacroix,91 Rue de la Gare,450-555-0579,louis.lacroix@business.com,Joliette,Québec,Canada
Eva Gravel,17 Rue Principale,514-555-0358,eva.gravel@business.com,Brossard,Québec,Canada
Antoine Blanchet,52 Rue des Lilas,819-555-0908,antoine.blanchet@business.com,La Tuque,Québec,Canada
Maëlys Bertrand,6 Rue des Bouleaux,450-555-0563,maelys.bertrand@business.com,Beloeil,Québec,Canada
Raphaël Bernard,13 Rue des Pins,418-555-0823,raphael.bernard@business.com,Sept-Îles,Québec,Canada
Léonie Dupont,38 Rue Saint-Joseph,514-555-0869,leonie.dupont@business.com,Repentigny,Québec,Canada
Maxime Gagné,82 Rue des Cèdres,819-555-0554,maxime.gagne@business.com,La Malbaie,Québec,Canada
Anaïs Roy,27 Rue des Chênes,450-555-0346,anais.roy@business.com,Sainte-Thérèse,Québec,Canada
Romain Deschênes,61 Rue des Érables,418-555-0562,romain.deschenes@business.com,Rivière-du-Loup,Québec,Canada
Gabrielle Morin,12 Rue Principale,514-555-0189,gabrielle.morin@business.com,Saint-Lambert,Québec,Canada
Nicolas Dubois,69 Rue de la Paix,819-555-0167,nicolas.dubois@business.com,Mont-Laurier,Québec,Canada
Inès Bergeron,17 Rue des Peupliers,450-555-0182,ines.bergeron@business.com,Saint-Eustache,Québec,Canada
Théo Lefebvre,44 Rue Saint-Paul,418-555-0953,theo.lefebvre@business.com,Saguenay,Québec,Canada
Julia Royer,89 Rue des Érables,514-555-0962,julia.royer@business.com,LAssomption,Québec,Canada
Émile Boucher,11 Rue des Cerisiers,819-555-0712,emile.boucher@business.com,Mont-Tremblant,Québec,Canada
Mathilde Renaud,67 Rue Principale,450-555-0459,mathilde.renaud@business.com,Mascouche,Québec,Canada
Lucas Dubé,22 Rue des Pommiers,418-555-0978,lucas.dube@business.com,Chibougamau,Québec,Canada
Aurélie Pelletier,54 Rue des Lilas,514-555-0819,aurelie.pelletier@business.com,Longueuil,Québec,Canada
Antoine Guérin,8 Rue des Bouleaux,819-555-0967,antoine.guerin@business.com,Sainte-Agathe-des-Monts,Québec,Canada
Léa Bélanger,42 Rue de la Gare,450-555-0894,lea.belanger@business.com,Terrebonne,Québec,Canada
Timothé Lacroix,79 Rue Saint-Joseph,418-555-0837,timothe.lacroix@business.com,Baie-Comeau,Québec,Canada
Charlotte Thibault,31 Rue des Cèdres,514-555-0892,charlotte.thibault@business.com,Saint-Bruno-de-Montarville,Québec,Canada
Samuel Gosselin,76 Rue des Chênes,819-555-0824,samuel.gosselin@business.com,Mont-Joli,Québec,Canada
Clémence Cyr,25 Rue des Peupliers,450-555-0853,clemence.cyr@business.com,Saint-Lin-Laurentides,Québec,Canada
Gaspard Poirier,52 Rue Saint-Paul,418-555-0356,gaspard.poirier@business.com,Saint-Félicien,Québec,Canada
Noé Dubois,21 Rue des Cerisiers,819-555-0492,noe.dubois@business.com,Rouyn-Noranda,Québec,Canada
Axelle Bergeron,64 Rue Principale,450-555-0735,axelle.bergeron@business.com,Blainville,Québec,Canada
Sébastien Renaud,33 Rue des Pommiers,418-555-0265,sebastien.renaud@business.com,Gaspé,Québec,Canada
Lila Boucher,79 Rue des Lilas,514-555-0563,lila.boucher@business.com,Saint-Jean-sur-Richelieu,Québec,Canada
Bastien Dubé,18 Rue des Bouleaux,819-555-0145,bastien.dube@business.com,Saint-Jérôme,Québec,Canada
Louise Pelletier,49 Rue de la Gare,450-555-0964,louise.pelletier@business.com,Repentigny,Québec,Canada
Marius Guérin,85 Rue Saint-Joseph,418-555-0972,marius.guerin@business.com,Sept-Îles,Québec,Canada
Amélie Bélanger,22 Rue des Cèdres,514-555-0264,amelie.belanger@business.com,Brossard,Québec,Canada
Hugo Lacroix,67 Rue des Chênes,819-555-0576,hugo.lacroix@business.com,La Tuque,Québec,Canada
Capucine Thibault,10 Rue des Peupliers,450-555-0481,capucine.thibault@business.com,Sainte-Thérèse,Québec,Canada
Florent Gosselin,47 Rue Saint-Paul,418-555-0426,florent.gosselin@business.com,Val-dOr,Québec,Canada
Léonie Cyr,84 Rue des Érables,514-555-0412,leonie.cyr@business.com,Châteauguay,Québec,Canada
Yanis Poirier,29 Rue des Cerisiers,819-555-0319,yanis.poirier@business.com,Alma,Québec,Canada
Flore Lefebvre,56 Rue Principale,450-555-0583,flore.lefebvre@business.com,Saint-Jérôme,Québec,Canada
Antonin Renaud,91 Rue des Pommiers,418-555-0127,antonin.renaud@business.com,Rimouski,Québec,Canada
Elsa Boucher,36 Rue des Lilas,514-555-0429,elsa.boucher@business.com,Boucherville,Québec,Canada
Augustin Gagné,43 Rue de la Paix,819-555-0731,augustin.gagne@business.com,Victoriaville,Québec,Canada
Clara Morin,77 Rue Saint-Paul,450-555-0325,clara.morin@business.com,Mirabel,Québec,Canada
Gaspard Lavoie,12 Rue des Ormes,418-555-0947,gaspard.lavoie@business.com,Saint-Georges,Québec,Canada
Raphaëlle Dubois,58 Rue des Pommiers,819-555-0675,raphaelle.dubois@business.com,Thetford Mines,Québec,Canada
Léandre Bélanger,25 Rue des Érables,514-555-0734,leandre.belanger@business.com,Saint-Eustache,Québec,Canada
Violette Gagnon,62 Rue Principale,450-555-0978,violette.gagnon@business.com,Terrebonne,Québec,Canada
Louis-Philippe Pelletier,97 Rue de la Gare,418-555-0157,louisphilippe.pelletier@business.com,Lévis,Québec,Canada
Constance Dubé,32 Rue des Bouleaux,819-555-0962,constance.dube@business.com,Shawinigan,Québec,Canada
Pascaline Roy,69 Rue des Cèdres,514-555-0817,pascaline.roy@business.com,Saint-Lambert,Québec,Canada
Lucas Caron,16 Rue des Peupliers,450-555-0764,lucas.caron@business.com,Sainte-Julie,Québec,Canada
Laurie-Anne Blanchard,43 Rue des Cerisiers,819-555-0427,laurieanne.blanchard@business.com,Drummondville,Québec,Canada
Gaétan Gauthier,90 Rue des Chênes,418-555-0153,gaetan.gauthier@business.com,Baie-Comeau,Québec,Canada
Luna Bouchard,27 Rue des Lilas,514-555-0924,luna.bouchard@business.com,Saint-Constant,Québec,Canada
Isaac Couture,73 Rue Saint-Joseph,819-555-0892,isaac.couture@business.com,Amos,Québec,Canada
Viviane Tremblay,8 Rue des Érables,450-555-0785,viviane.tremblay@business.com,Boisbriand,Québec,Canada